设备,故障模式,故障原因,故障影响,故障严重性,故障频率
水处理,打开MV-101,控制系统故障或人为误操作,影响进水流程，可能导致水处理过程紊乱,7,4
水处理,打开P-102,泵控制信号错误或手动启动,可能导致过量进水，影响后续处理单元,6,3
水处理,每秒增加1毫米,传感器故障或设定错误,水位上升过快，可能导致溢流,8,5
水处理,打开MV-504,阀门控制系统失灵或误操作,化学品投加异常，影响水质,7,4
水处理,设置AIT-202的值为6,传感器校准错误或人为设定错误,pH值异常，影响处理效果,8,3
水处理,水位上升到HH以上,液位传感器故障或进水控制失效,可能导致系统溢流或设备损坏,9,4
水处理,设置DPIT值为>40kpa,压力传感器故障或设定错误,可能导致管道或设备承压过高，存在安全隐患,9,3
水处理,设FIT-401值为<0.7,流量计故障或设定错误,流量不足，影响处理效率,7,4
水处理,将FIT-401值设置为0,流量计失效或信号丢失,无法监测流量，可能导致处理过程失控,8,3
水处理,关闭MV-304,阀门控制故障或误操作,阻断关键流程，影响系统运行,8,4
水处理,禁止MV-303打开,控制逻辑错误或人为干预,影响水流分配，可能导致部分系统缺水,7,3
水处理,以1mm/s的速度降低水位,控制系统设定错误或传感器误差,水位下降过快，可能影响处理效果,7,4
水处理,禁止MV-303打开,与故障11相同,与故障11相同,7,3
水处理,AIT-504设定值为16uS/cm,传感器校准错误或设定错误,电导率异常，影响水质监测,7,3
水处理,AIT-504设定值为255uS/cm,传感器校准错误或设定错误,电导率过高，可能导致处理效果下降,8,3
水处理,保持MV-101持续开着,控制系统失效或手动操作失误,持续进水，可能导致系统过载,8,4
水处理,阻止UV-401:AIAT502设值为150,控制系统故障或设定错误,紫外消毒系统失效，影响出水水质,9,3
水处理,DPIT-301值设置为>0.4bar,压力传感器故障或设定错误,压力过高，可能导致管道泄漏或设备损坏,9,3
水处理,关闭P-203和P-205,泵控制系统故障或人为误操作,影响污泥回流，可能导致处理效率下降,8,4
水处理,LIT-401设定值为1000,液位传感器故障或设定错误,水位显示异常，可能导致溢流或抽空,9,3
水处理,P-101连续开启不关闭,泵控制系统失效或手动操作失误,持续抽水，可能导致设备过热或损坏,8,4
水处理,P-302连续开启不关闭,泵控制系统失效或手动操作失误,持续运行，可能导致设备过载或能耗增加,8,4
水处理,保持关闭P-302,控制系统故障或人为干预,无法输送污泥，影响处理过程,8,4
水处理,同时打开P-201、P-203和P-205,控制逻辑错误或手动操作失误,可能导致系统负荷过大，影响运行稳定性,8,3
水处理,同时打开P-101、MV-101和MV-201,控制逻辑错误或手动操作失误,可能导致进水过量，影响系统平衡,8,3
水处理,设置LIT-401小于L,液位传感器校准错误或设定错误,水位,7,4
水处理,设置LIT-301大于HH,液位传感器误差、系统未能及时排水,水池溢流风险，可能损坏设备或导致安全事故,9,3
水处理,设置LIT-101大于H,上游进水量异常、传感器校准错误,超液位运行，影响工艺平衡，增加溢流风险,8,4
水处理,保持关闭P-101,控制系统失效、命令丢失、设备维修未更新状态,不能及时抽水，造成系统回流堵塞或下游干扰,8,3
水处理,关闭P-101；保持P-102关闭,手动操作错误、程序错误,进水完全停止，导致处理过程中断,9,3
水处理,设置LIT-101小于LL,传感器设定误差、设备老化,虚假低水位信号，系统可能启动异常排水或报警机制,7,4
水处理,关闭P-501；FIT-502设为1.29,泵关闭控制失败、流量设定错误,出水不足，导致系统压力变化或处理不完全,8,4
水处理,AIT-401设定值为260,电导率传感器设定错误、数据篡改,电导率过高，超出出水水质指标，可能造成排放违规,9,3
水处理,FIT-401设定值为0.5,流量计设定错误、信号采集异常,流量数据失真，影响自动控制系统反应,7,4
水处理,FIT-401设定值为0,流量计损坏或信号丢失,系统认为无流量，可能触发误报警或流程停顿,8,3
水处理,0.5mm/s降低LIT-301水位,排水控制系统运行缓慢、阀门卡顿或人为调节,水位下降过慢，处理流程延误或影响后续池体的水力调节能力,6,3
